luma_id,display_name,wnba_stats_id,espn_id,first_season,last_season,n_seasons,source_scheme
LUMA-W-0000001,Cynthia Cooper,141,,2003,2003,1,wnba_stats
LUMA-W-0000002,Zuzi Klimesova,242,,2003,2003,1,wnba_stats
LUMA-W-0000003,Tracy Reid,338,,2003,2003,1,wnba_stats
LUMA-W-0000004,DeWanna Bonner,201886,869,2009,2026,17,both
LUMA-W-0000005,Alysha Clark,202252,924,2012,2026,14,both
LUMA-W-0000006,Courtney Vandersloot,202664,981,2011,2026,16,both
LUMA-W-0000007,Nneka Ogwumike,203014,1068,2012,2026,15,both
LUMA-W-0000008,Damiris Dantas,203024,2955898,2014,2026,11,both
LUMA-W-0000009,Tiffany Hayes,203026,1054,2012,2026,14,both
LUMA-W-0000010,Brittney Griner,203398,2490553,2013,2026,13,both
LUMA-W-0000011,Skylar Diggins,203400,2491205,2013,2026,12,both
LUMA-W-0000012,Kayla Alexander,203405,2491232,2013,2026,9,both
LUMA-W-0000013,Rebekah Gardner,203822,2327695,2022,2026,4,both
LUMA-W-0000014,Odyssey Sims,203824,2529047,2014,2026,13,both
LUMA-W-0000015,Kayla McBride,203825,2529205,2014,2026,13,both
LUMA-W-0000016,Alyssa Thomas,203826,2529140,2014,2026,13,both
LUMA-W-0000017,Natasha Howard,203827,2529130,2014,2026,13,both
LUMA-W-0000018,Stefanie Dolson,203828,2529183,2014,2026,13,both
LUMA-W-0000019,Chelsea Gray,203833,2529122,2015,2026,12,both
LUMA-W-0000020,Stephanie Talbot,203855,3099736,2017,2026,8,both
LUMA-W-0000021,Kayla Thornton,203866,2529622,2015,2026,11,both
LUMA-W-0000022,Rebecca Allen,204296,3102133,2015,2026,11,both
LUMA-W-0000023,Jewell Loyd,204319,2987869,2015,2026,12,both
LUMA-W-0000024,Elizabeth Williams,204322,2566081,2015,2026,12,both
LUMA-W-0000025,Cheyenne Parker-Tyus,204323,2529458,2015,2026,12,both
LUMA-W-0000026,Dearica Hamby,204324,2566106,2015,2026,12,both
LUMA-W-0000027,Kiah Stokes,204329,2590093,2015,2026,11,both
LUMA-W-0000028,Isabelle Harrison,204330,2566453,2016,2026,9,both
LUMA-W-0000029,Natasha Cloud,204333,2529137,2015,2026,11,both
LUMA-W-0000030,Betnijah Laney-Hamilton,204335,2593770,2015,2026,10,both
LUMA-W-0000031,Erica Wheeler,204365,2491214,2015,2026,11,both
LUMA-W-0000032,Valeriane Ayayi,204468,3919496,2015,2026,2,both
LUMA-W-0000033,Breanna Stewart,1627668,2998928,2016,2026,10,both
LUMA-W-0000034,Rachel Banham,1627671,2566186,2016,2026,11,both
LUMA-W-0000035,Jonquel Jones,1627673,2999101,2016,2026,10,both
LUMA-W-0000036,Kahleah Copper,1627674,2998938,2016,2026,11,both
LUMA-W-0000037,Courtney Williams,1627675,2987891,2016,2026,11,both
LUMA-W-0000038,Julie Allemand,1627700,4001679,2020,2026,4,both
LUMA-W-0000039,Temi Fagbenle,1627701,2569044,2017,2026,6,both
LUMA-W-0000040,Emma Cannon,1628242,2284331,2017,2026,8,both
LUMA-W-0000041,Sami Whitcomb,1628244,887,2017,2026,10,both
LUMA-W-0000042,Nia Coffey,1628269,3054590,2017,2026,10,both
LUMA-W-0000043,Kelsey Plum,1628276,3065570,2017,2026,9,both
LUMA-W-0000044,Allisha Gray,1628277,3058901,2017,2026,10,both
LUMA-W-0000045,Shatori Walker-Kimbrough,1628278,3058893,2017,2026,10,both
LUMA-W-0000046,Brittney Sykes,1628279,2988756,2017,2026,10,both
LUMA-W-0000047,Brionna Jones,1628280,3058895,2017,2026,10,both
LUMA-W-0000048,Karlie Samuelson,1628317,3056730,2018,2026,8,both
LUMA-W-0000049,Cecilia Zandalasini,1628508,4257500,2017,2026,5,both
LUMA-W-0000050,Ariel Atkins,1628878,3146151,2018,2026,9,both
LUMA-W-0000051,Monique Billings,1628881,3142255,2018,2026,9,both
LUMA-W-0000052,Lexie Brown,1628882,3058892,2018,2026,9,both
LUMA-W-0000053,Jordin Canada,1628886,3142250,2018,2026,9,both
LUMA-W-0000054,Myisha Hines-Allen,1628899,3142055,2018,2026,9,both
LUMA-W-0000055,Kelsey Mitchell,1628909,3142191,2018,2026,9,both
LUMA-W-0000056,Kia Nurse,1628915,3142327,2018,2026,8,both
LUMA-W-0000057,Azura Stevens,1628922,3142010,2018,2026,9,both
LUMA-W-0000058,Gabby Williams,1628931,3142328,2018,2026,8,both
LUMA-W-0000059,A'ja Wilson,1628932,3149391,2018,2026,9,both
LUMA-W-0000060,Sabrina Ionescu,1629477,4066533,2020,2026,7,both
LUMA-W-0000061,Katie Lou Samuelson,1629478,3917453,2019,2026,6,both
LUMA-W-0000062,Teaira McCowan,1629479,3913903,2019,2026,8,both
LUMA-W-0000063,Arike Ogunbowale,1629481,3904577,2019,2026,8,both
LUMA-W-0000064,Sophie Cunningham,1629482,3907781,2019,2026,8,both
LUMA-W-0000065,Napheesa Collier,1629483,3917450,2019,2026,8,both
LUMA-W-0000066,Megan Gustafson,1629484,3934218,2019,2026,8,both
LUMA-W-0000067,Brianna Turner,1629488,3142086,2019,2026,8,both
LUMA-W-0000068,Jessica Shepard,1629491,3906949,2019,2026,6,both
LUMA-W-0000069,Ezi Magbegor,1629496,4420318,2020,2026,7,both
LUMA-W-0000070,Marina Mabrey,1629497,3904576,2019,2026,8,both
LUMA-W-0000071,Jackie Young,1629498,4065870,2019,2026,8,both
LUMA-W-0000072,Alanna Smith,1629501,3913881,2019,2026,8,both
LUMA-W-0000073,Bridget Carleton,1629524,3906972,2019,2026,8,both
LUMA-W-0000074,Amy Okonkwo,1629539,3142242,2025,2026,2,both
LUMA-W-0000075,Marine Johannes,1629546,4038379,2019,2026,5,both
LUMA-W-0000076,Han Xu,1629566,4337216,2019,2026,4,both
LUMA-W-0000077,Natisha Hiedeman,1629567,3906753,2019,2026,8,both
LUMA-W-0000078,Kennedy Burke,1629568,3922628,2019,2026,7,both
LUMA-W-0000079,Li Yueru,1629574,4336633,2022,2026,4,both
LUMA-W-0000080,Maria Conde,1629576,3910470,2026,2026,1,both
LUMA-W-0000081,Emese Hof,1629581,3913680,2026,2026,1,both
LUMA-W-0000082,DiJonai Carrington,1630096,4066548,2021,2026,6,both
LUMA-W-0000083,Kaila Charles,1630097,4065780,2020,2026,6,both
LUMA-W-0000084,Mariella Fasoula,1630108,3904479,2026,2026,1,both
LUMA-W-0000085,Tyasha Harris,1630112,4065760,2020,2026,7,both
LUMA-W-0000086,Joyner Holmes,1630115,4068161,2020,2026,7,both
LUMA-W-0000087,Sug Sutton,1630134,4068159,2020,2026,5,both
LUMA-W-0000088,Peyton Williams,1630138,4068104,2026,2026,1,both
LUMA-W-0000089,Leonie Fiebich,1630142,4683006,2024,2026,3,both
LUMA-W-0000090,Luisa Geiselsoder,1630143,4682797,2025,2026,2,both
LUMA-W-0000091,Jihyun Park,1630148,4874375,2026,2026,1,both
LUMA-W-0000092,Satou Sabally,1630149,4281929,2020,2026,7,both
LUMA-W-0000093,Chennedy Carter,1630150,4280892,2020,2026,5,both
LUMA-W-0000094,Kamiah Smalls,1630154,4068346,2020,2026,4,both
LUMA-W-0000095,Raquel Carrera,1630384,4790258,2026,2026,1,both
LUMA-W-0000096,Awak Kuier,1630386,4790266,2021,2026,4,both
LUMA-W-0000097,Iliana Rupert,1630387,4790263,2022,2025,3,both
LUMA-W-0000098,Dana Evans,1630389,4281190,2021,2026,6,both
LUMA-W-0000099,Natasha Mack,1630442,4068042,2021,2026,4,both
LUMA-W-0000100,Michaela Onyenwere,1630446,4282173,2021,2026,6,both
LUMA-W-0000101,Kiana Williams,1630461,4282168,2021,2026,5,both
LUMA-W-0000102,Marine Fauthoux,1630469,4790260,2026,2026,1,both
LUMA-W-0000103,Maya Caldwell,1630471,4280850,2022,2026,5,both
LUMA-W-0000104,Anneli Maley,1630993,4281930,2022,2026,2,both
LUMA-W-0000105,Rae Burrell,1630996,4398764,2022,2026,5,both
LUMA-W-0000106,Kierstan Bell,1631006,4433633,2022,2026,5,both
LUMA-W-0000107,Veronica Burton,1631007,4398935,2022,2026,5,both
LUMA-W-0000108,Rhyne Howard,1631009,4398674,2022,2026,5,both
LUMA-W-0000109,NaLyssa Smith,1631019,4398776,2022,2026,5,both
LUMA-W-0000110,Sika Kone,1631021,5017721,2023,2026,4,both
LUMA-W-0000111,Shakira Austin,1631022,4398911,2022,2026,5,both
LUMA-W-0000112,Miela Sowah,1631039,4398577,2026,2026,1,both
LUMA-W-0000113,Naz Hillmon,1631044,4398915,2022,2026,5,both
LUMA-W-0000114,Nyara Sabally,1631055,4398768,2023,2026,4,both
LUMA-W-0000115,Chloe Bibby,1631064,4280877,2025,2026,2,both
LUMA-W-0000116,Emily Engstler,1631083,4398729,2022,2026,5,both
LUMA-W-0000117,Lexie Hull,1631086,4398829,2022,2026,5,both
LUMA-W-0000118,Lexi Held,1631118,4399342,2025,2026,2,both
LUMA-W-0000119,Olivia Nelson-Ododa,1631135,4398966,2022,2026,5,both
LUMA-W-0000120,Pauline Astier,1631136,5345320,2026,2026,1,both
LUMA-W-0000121,Jade Melbourne,1631141,5017726,2023,2026,4,both
LUMA-W-0000122,Nikolina Milic,1631263,4874475,2022,2026,3,both
LUMA-W-0000123,Aliyah Boston,1641648,4432831,2023,2026,4,both
LUMA-W-0000124,Diamond Miller,1641649,4433635,2023,2026,4,both
LUMA-W-0000125,Haley Jones,1641650,4595910,2023,2026,4,both
LUMA-W-0000126,Jordan Horston,1641651,4432830,2023,2026,3,both
LUMA-W-0000127,Maddy Siegrist,1641652,4399415,2023,2026,4,both
LUMA-W-0000128,Laeticia Amihere,1641656,4432834,2023,2026,4,both
LUMA-W-0000129,Dorka Juhasz,1641657,4398938,2023,2026,3,both
LUMA-W-0000130,Zia Cooke,1641660,4432832,2023,2026,4,both
LUMA-W-0000131,Holly Winterburn,1641683,4433690,2026,2026,1,both
LUMA-W-0000132,Ashten Prechtel,1641695,4433634,2026,2026,1,both
LUMA-W-0000133,Julie Vanloo,1642210,2566110,2024,2026,3,both
LUMA-W-0000134,Caitlin Clark,1642286,4433403,2024,2026,3,both
LUMA-W-0000135,Cameron Brink,1642287,4433404,2024,2026,3,both
LUMA-W-0000136,Rickea Jackson,1642288,4433630,2024,2026,3,both
LUMA-W-0000137,Kamilla Cardoso,1642289,4433405,2024,2026,3,both
LUMA-W-0000138,Aaliyah Edwards,1642290,4433408,2024,2026,3,both
LUMA-W-0000139,Angel Reese,1642291,4433402,2024,2026,3,both
LUMA-W-0000140,Jacy Sheldon,1642292,4432865,2024,2026,3,both
LUMA-W-0000141,Alissa Pili,1642293,5105752,2024,2026,3,both
LUMA-W-0000142,Nyadiew Puoch,1642296,5209202,2026,2026,1,both
LUMA-W-0000143,Isobel Borlase,1642302,5208983,2026,2026,1,both
LUMA-W-0000144,Leila Lacan,1642303,5208981,2025,2026,2,both
LUMA-W-0000145,Carla Leite,1642304,5208982,2025,2026,2,both
LUMA-W-0000146,Mackenzie Holmes,1642307,4433643,2025,2026,2,both
LUMA-W-0000147,Jaylyn Sherrod,1642320,4433386,2024,2026,3,both
LUMA-W-0000148,Sydney Taylor,1642321,4594786,2026,2026,1,both
LUMA-W-0000149,Kate Martin,1642324,4398907,2024,2026,3,both
LUMA-W-0000150,Janelle Salaun,1642767,4790264,2025,2026,2,both
LUMA-W-0000151,Kyara Linskens,1642768,4873359,2025,2026,2,both
LUMA-W-0000152,Mai Yamamoto,1642769,5220104,2026,2026,1,both
LUMA-W-0000153,Alex Wilson,1642775,5278157,2026,2026,1,both
LUMA-W-0000154,Monique Akoa Makani,1642777,5274110,2025,2026,2,both
LUMA-W-0000155,Georgia Amoore,1642781,4704180,2026,2026,1,both
LUMA-W-0000156,Sarah Ashlee Barker,1642782,4703794,2025,2026,2,both
LUMA-W-0000157,Paige Bueckers,1642784,4433730,2025,2026,2,both
LUMA-W-0000158,Sonia Citron,1642785,4433524,2025,2026,2,both
LUMA-W-0000159,Aicha Coulibaly,1642786,4433433,2026,2026,1,both
LUMA-W-0000160,Bree Hall,1642788,4898383,2025,2026,2,both
LUMA-W-0000161,Sania Feagin,1642790,4433795,2025,2026,2,both
LUMA-W-0000162,Kiki Iriafen,1642792,4898384,2025,2026,2,both
LUMA-W-0000163,Aziaha James,1642793,4433807,2025,2026,2,both
LUMA-W-0000164,Juste Jocyte,1642794,5277552,2026,2026,1,both
LUMA-W-0000165,Anastasiia Olairi Kosu,1642797,5278237,2025,2026,2,both
LUMA-W-0000166,Dominique Malonga,1642798,5220150,2025,2026,2,both
LUMA-W-0000167,Aneesah Morrow,1642800,4684384,2025,2026,2,both
LUMA-W-0000168,Aaliyah Nye,1642801,4597509,2025,2026,2,both
LUMA-W-0000169,Lucy Olsen,1642802,4433815,2025,2026,2,both
LUMA-W-0000170,Te-Hina Paopao,1642804,4433431,2025,2026,2,both
LUMA-W-0000171,JJ Quinerly,1642808,4434015,2025,2026,2,both
LUMA-W-0000172,Saniya Rivers,1642809,4433514,2025,2026,2,both
LUMA-W-0000173,Taylor Thierry,1642814,4898400,2025,2026,2,both
LUMA-W-0000174,Makayla Timpson,1642815,4433546,2025,2026,2,both
LUMA-W-0000175,Hailey Van Lith,1642817,4433412,2025,2026,2,both
LUMA-W-0000176,Maddy Westbeld,1642818,4433424,2025,2026,2,both
LUMA-W-0000177,Liatu King,1642820,4596309,2025,2026,2,both
LUMA-W-0000178,Kaitlyn Chen,1642822,4899328,2025,2026,2,both
LUMA-W-0000179,Aubrey Griffin,1642826,4432844,2026,2026,1,both
LUMA-W-0000180,Laura Juskaite,1643420,5345444,2026,2026,1,both
LUMA-W-0000181,Costanza Verona,1643424,5345473,2026,2026,1,both
LUMA-W-0000182,Azzi Fudd,1643425,4433790,2026,2026,1,both
LUMA-W-0000183,Olivia Miles,1643426,4433791,2026,2026,1,both
LUMA-W-0000184,Lauren Betts,1643427,5105737,2026,2026,1,both
LUMA-W-0000185,Flau'jae Johnson,1643428,4698736,2026,2026,1,both
LUMA-W-0000186,Gianna Kneepkens,1643429,4898898,2026,2026,1,both
LUMA-W-0000187,Cotie McMahon,1643430,4583144,2026,2026,1,both
LUMA-W-0000188,Madina Okot,1643431,5108587,2026,2026,1,both
LUMA-W-0000189,Raven Johnson,1643433,4433797,2026,2026,1,both
LUMA-W-0000190,Serah Williams,1643436,5108550,2026,2026,1,both
LUMA-W-0000191,Ashlon Jackson,1643437,5106232,2026,2026,1,both
LUMA-W-0000192,Marta Suarez,1643438,4704594,2026,2026,1,both
LUMA-W-0000193,Darianna Littlepage-Buggs,1643440,5106145,2026,2026,1,both
LUMA-W-0000194,Raegan Beers,1643441,5105732,2026,2026,1,both
LUMA-W-0000195,Awa Fam,1643443,5345325,2026,2026,1,both
LUMA-W-0000196,Ta'Niya Latson,1643444,4609797,2026,2026,1,both
LUMA-W-0000197,Kiki Rice,1643445,4565505,2026,2026,1,both
LUMA-W-0000198,Gabriela Jaquez,1643447,4858656,2026,2026,1,both
LUMA-W-0000199,Nell Angloma,1643448,5345319,2026,2026,1,both
LUMA-W-0000200,Charlisse Leger-Walker,1643449,4703609,2026,2026,1,both
LUMA-W-0000201,Rori Harmon,1643450,4433523,2026,2026,1,both
LUMA-W-0000202,Grace VanSlooten,1643453,5105731,2026,2026,1,both
LUMA-W-0000203,Angela Dugalic,1643455,4433411,2026,2026,1,both
LUMA-W-0000204,Teonni Key,1643457,4434020,2026,2026,1,both
LUMA-W-0000205,Saylor Poffenbarger,1643458,4433542,2026,2026,1,both
LUMA-W-0000206,Laura Ziegler,1643461,5107515,2026,2026,1,both
LUMA-W-0000207,Chance Gray,1643462,5105729,2026,2026,1,both
LUMA-W-0000208,Cassandre Prosper,1643467,5122345,2026,2026,1,both
LUMA-W-0000209,Indya Nivar,1643469,5105740,2026,2026,1,both
LUMA-W-0000210,Shay Ciezki,1643470,4688629,2026,2026,1,both
LUMA-W-0000211,Taina Mair,1643473,5106222,2026,2026,1,both
LUMA-W-0000212,Ndjakalenga Mwenentanda,1643479,5106170,2026,2026,1,both
LUMA-W-0000213,Quionche Carter,1643487,5107404,2026,2026,1,both
LUMA-W-0000214,Emma Cechova,1643488,5345322,2026,2026,1,both
LUMA-W-0000215,Antonia Delaere,1643489,4873358,2026,2026,1,both
LUMA-W-0000216,Eliska Hamzova,1643490,5345478,2026,2026,1,both
LUMA-W-0000217,Noemie Brochant,1643493,5345524,2026,2026,1,both
LUMA-W-0000218,Frieda Buhner,1643494,5105406,2026,2026,1,both
LUMA-W-0000219,Justine Pissott,1643495,4682855,2026,2026,1,both
LUMA-W-0000220,Jovana Nogic,1643505,3906769,2026,2026,1,both
LUMA-W-0000221,Teja Oblak,1643506,5346554,2026,2026,1,both
LUMA-W-0000222,Alex Fowler,1643525,4595823,2026,2026,1,both
LUMA-W-0000223,Jordan Harrison,1643527,5108051,2026,2026,1,both
LUMA-W-0000224,Alicia Florez,1643644,5349415,2026,2026,1,both
LUMA-W-0000225,Tima Pouye,1643647,5355509,2026,2026,1,both
LUMA-W-0000226,Nadia Fingall,1643686,4066546,2026,2026,1,both
LUMA-W-0000227,Ornella Bankole,1643706,5364343,2026,2026,1,both
LUMA-W-0000229,Latasha Byears,,1,2003,2008,4,espn
LUMA-W-0000230,Nikki Teasley,,10,2003,2009,6,espn
LUMA-W-0000231,Angel Robinson,,1001,2014,2018,3,espn
LUMA-W-0000232,Jessica Breland,,1002,2011,2021,9,espn
LUMA-W-0000233,Karima Christmas-Kelly,,1003,2011,2020,10,espn
LUMA-W-0000234,Sydney Colson,,1004,2011,2025,11,espn
LUMA-W-0000235,Victoria Dunlap,,1005,2011,2012,2,espn
LUMA-W-0000236,Alex Montgomery,,1006,2011,2018,8,espn
LUMA-W-0000237,Ta'Shia Phillips,,1007,2011,2011,1,espn
LUMA-W-0000238,Jasmine Thomas,,1008,2011,2023,13,espn
LUMA-W-0000239,Ify Ibekwe,,1010,2011,2017,2,espn
LUMA-W-0000240,Krystal Thomas,,1011,2011,2018,7,espn
LUMA-W-0000241,Jenna O'Hea,,1012,2011,2016,6,espn
LUMA-W-0000242,Jantel Lavender,,1013,2011,2022,11,espn
LUMA-W-0000243,Danielle Robinson,,1014,2011,2023,12,espn
LUMA-W-0000244,Porsha Phillips,,1015,2011,2011,1,espn
LUMA-W-0000245,Danielle Adams,,1016,2011,2017,6,espn
LUMA-W-0000246,Liz Cambage,,1017,2011,2022,6,espn
LUMA-W-0000247,Kayla Pedersen,,1018,2011,2017,6,espn
LUMA-W-0000248,Miranda Ayim,,1019,2011,2011,1,espn
LUMA-W-0000249,Chastity Reed,,1020,2011,2011,1,espn
LUMA-W-0000250,Darxia Morris,,1021,2014,2017,2,espn
LUMA-W-0000251,Sandy Brondello,,103,2003,2003,1,espn
LUMA-W-0000252,Rachel Jarry,,1030,2013,2013,1,espn
LUMA-W-0000253,Felicia Chester,,1045,2011,2011,1,espn
LUMA-W-0000254,Aneika Henry-Morello,,1048,2012,2017,6,espn
LUMA-W-0000255,Riquna Williams,,1049,2012,2022,10,espn
LUMA-W-0000256,Lynetta Kizer,,1051,2012,2018,7,espn
LUMA-W-0000257,Vicki Baugh,,1052,2014,2016,3,espn
LUMA-W-0000258,Glory Johnson,,1053,2012,2020,8,espn
LUMA-W-0000259,Edwina Brown,,106,2003,2006,2,espn
LUMA-W-0000260,Farhiya Abdi,,1064,2013,2015,3,espn
LUMA-W-0000261,April Sykes,,1067,2012,2012,1,espn
LUMA-W-0000262,Sasha Goodlett,,1069,2012,2015,4,espn
LUMA-W-0000263,Cierra Bravard,,1072,2013,2013,1,espn
LUMA-W-0000264,Ziomara Morrison,,1073,2012,2012,1,espn
LUMA-W-0000265,Shenise Johnson,,1074,2012,2020,8,espn
LUMA-W-0000266,Dawn Evans,,1075,2012,2012,1,espn
LUMA-W-0000267,Kelley Cain,,1076,2012,2014,2,espn
LUMA-W-0000268,Chay Shegog,,1077,2012,2012,1,espn
LUMA-W-0000269,Katelan Redmon,,1078,2012,2012,1,espn
LUMA-W-0000270,Kiesha Brown,,108,2003,2010,8,espn
LUMA-W-0000271,Dymond Simon,,1081,2012,2012,1,espn
LUMA-W-0000272,Zane Tamane,,1083,2012,2012,1,espn
LUMA-W-0000273,Samantha Prahalis,,1084,2012,2014,3,espn
LUMA-W-0000274,Avery Warley-Talbert,,1085,2012,2020,7,espn
LUMA-W-0000275,Julie Nicole Wojta,,1099,2012,2013,2,espn
LUMA-W-0000276,Sophia Witherspoon,,11,2003,2003,1,espn
LUMA-W-0000277,Rushia Brown,,110,2003,2003,1,espn
LUMA-W-0000278,Devereaux Peters,,1101,2012,2018,6,espn
LUMA-W-0000279,Natalie Novosel,,1103,2012,2012,1,espn
LUMA-W-0000280,Sydney Carter,,1105,2012,2015,4,espn
LUMA-W-0000281,Sonja Petrovic,,1106,2012,2016,2,espn
LUMA-W-0000282,Shey Peddy,,1107,2019,2025,6,espn
LUMA-W-0000283,Marla Brumfield,,111,2003,2003,1,espn
LUMA-W-0000284,Shekinna Stricklen,,1110,2012,2021,10,espn
LUMA-W-0000285,Briana Butler,,1112,2012,2015,4,espn
LUMA-W-0000286,Erin Buescher,,112,2003,2008,5,espn
LUMA-W-0000287,Annie Burgess,,115,2003,2003,1,espn
LUMA-W-0000288,Alisa Burras,,117,2003,2003,1,espn
LUMA-W-0000289,Edna Campbell,,119,2003,2005,3,espn
LUMA-W-0000290,Dominique Canty,,121,2003,2012,10,espn
LUMA-W-0000291,Swin Cash,,122,2003,2016,14,espn
LUMA-W-0000292,Iziane Castro,,124,2003,2013,10,espn
LUMA-W-0000293,Tamika Catchings,,125,2003,2016,14,espn
LUMA-W-0000294,Linda Frohlich,,13,2003,2007,3,espn
LUMA-W-0000295,Kayte Christensen,,131,2003,2007,5,espn
LUMA-W-0000296,Becky Hammon,,14,2003,2014,12,espn
LUMA-W-0000297,Sylvia Crawley,,145,2003,2003,1,espn
LUMA-W-0000298,Edniesha Curry,,147,2003,2005,2,espn
LUMA-W-0000299,Stacey Dales,,148,2003,2007,4,espn
LUMA-W-0000300,Grace Daley,,149,2003,2003,1,espn
LUMA-W-0000301,Helen Darling,,150,2003,2010,8,espn
LUMA-W-0000302,Anna DeForge,,153,2003,2009,7,espn
LUMA-W-0000303,Katie Douglas,,156,2003,2014,12,espn
LUMA-W-0000304,Simone Edwards,,159,2003,2005,3,espn
LUMA-W-0000305,Vickie Johnson,,16,2003,2009,7,espn
LUMA-W-0000306,Shalonda Enis,,162,2003,2003,1,espn
LUMA-W-0000307,Barbara Farris,,166,2003,2009,7,espn
LUMA-W-0000308,Allison Feaster,,167,2003,2008,5,espn
LUMA-W-0000309,Ukari Figgs,,168,2003,2003,1,espn
LUMA-W-0000310,Bernadette Ngoyisa,,17,2005,2008,3,espn
LUMA-W-0000311,Tari Phillips,,18,2003,2007,5,espn
LUMA-W-0000312,La'Keshia Frett,,180,2003,2005,3,espn
LUMA-W-0000313,Kelley Gibson,,187,2003,2003,1,espn
LUMA-W-0000314,Jennifer Gillom,,188,2003,2003,1,espn
LUMA-W-0000315,Crystal Robinson,,19,2003,2007,5,espn
LUMA-W-0000316,Yolanda Griffith,,192,2003,2009,7,espn
LUMA-W-0000317,Lady Grooms,,194,2003,2004,2,espn
LUMA-W-0000318,Gordana Grubin,,195,2004,2005,2,espn
LUMA-W-0000319,Erika de Souza,,2,2007,2017,11,espn
LUMA-W-0000320,Teresa Weatherspoon,,20,2003,2004,2,espn
LUMA-W-0000321,Lisa Harrison,,202,2003,2005,2,espn
LUMA-W-0000322,Kristi Harrower,,203,2003,2009,3,espn
LUMA-W-0000323,Tracy Henderson,,206,2003,2003,1,espn
LUMA-W-0000324,Michelle Campbell,,2069162,2013,2013,1,espn
LUMA-W-0000325,Lindsey Harding,,2069374,2007,2016,9,espn
LUMA-W-0000326,Sonja Henning,,207,2003,2003,1,espn
LUMA-W-0000327,Jessie Hicks,,209,2003,2004,2,espn
LUMA-W-0000328,Tamika Whitmore,,21,2003,2009,7,espn
LUMA-W-0000329,Chamique Holdsclaw,,213,2003,2010,7,espn
LUMA-W-0000330,Kedra Holland-Corn,,214,2003,2006,3,espn
LUMA-W-0000331,Dalma Ivanyi,,219,2003,2006,3,espn
LUMA-W-0000332,Niele Ivey,,220,2003,2005,3,espn
LUMA-W-0000333,Carla Cortijo,,2203512,2015,2016,2,espn
LUMA-W-0000334,Deanna Jackson,,221,2003,2006,4,espn
LUMA-W-0000335,Lauren Jackson,,222,2003,2012,10,espn
LUMA-W-0000336,Tamicha Jackson,,223,2003,2006,4,espn
LUMA-W-0000337,Yvonne Turner,,2235933,2017,2023,5,espn
LUMA-W-0000338,Jacki Gemelos,,2238341,2015,2020,2,espn
LUMA-W-0000339,Pollyanna Johns Kimbrough,,225,2003,2004,2,espn
LUMA-W-0000340,Adrienne Johnson,,226,2003,2003,1,espn
LUMA-W-0000341,LaTonya Johnson,,228,2003,2004,2,espn
LUMA-W-0000342,Shannon Johnson,,230,2003,2009,7,espn
LUMA-W-0000343,Chelsea Hopkins,,2324993,2013,2018,3,espn
LUMA-W-0000344,Angel Goodrich,,2325265,2013,2015,3,espn
LUMA-W-0000345,Adaora Elonu,,2325290,2018,2018,1,espn
LUMA-W-0000346,Yvonne Anderson,,2325299,2022,2025,2,espn
LUMA-W-0000347,Keisha Hampton,,2325312,2016,2017,2,espn
LUMA-W-0000348,Kim Mestdagh,,2327208,2019,2019,1,espn
LUMA-W-0000349,Courtney Clements,,2327542,2013,2015,3,espn
LUMA-W-0000350,Tiffani Johnson,,233,2003,2006,3,espn
LUMA-W-0000351,Jelena Milovanovic,,2335452,2014,2014,1,espn
LUMA-W-0000352,Asjha Jones,,235,2003,2015,11,espn
LUMA-W-0000353,Merlakia Jones,,239,2003,2004,2,espn
LUMA-W-0000354,Jennifer Azzi,,24,2003,2003,1,espn
LUMA-W-0000355,Tianna Hawkins,,2490514,2013,2023,10,espn
LUMA-W-0000356,Waltiea Rolle,,2490526,2014,2014,1,espn
LUMA-W-0000357,Tierra Ruffin-Pratt,,2490528,2013,2020,8,espn
LUMA-W-0000358,Chucky Jeffery,,2490561,2013,2014,2,espn
LUMA-W-0000359,Chelsea Poppens,,2490577,2013,2013,1,espn
LUMA-W-0000360,Lindsey Moore,,2490622,2013,2014,2,espn
LUMA-W-0000361,Toni Young,,2490653,2013,2014,2,espn
LUMA-W-0000362,Tayler Hill,,2490769,2013,2019,7,espn
LUMA-W-0000363,Alex Bentley,,2490773,2013,2019,7,espn
LUMA-W-0000364,Nikki Greene,,2490774,2014,2015,2,espn
LUMA-W-0000365,Davellyn Whyte,,2490786,2013,2014,2,espn
LUMA-W-0000366,Gennifer Brandon,,2490792,2014,2014,1,espn
LUMA-W-0000367,Layshia Clarendon,,2490794,2013,2024,11,espn
LUMA-W-0000368,Joslyn Tinkle,,2490903,2013,2013,1,espn
LUMA-W-0000369,Kelly Faris,,2491192,2013,2016,4,espn
LUMA-W-0000370,Sugar Rodgers,,2491197,2013,2020,8,espn
LUMA-W-0000371,Asia Taylor,,2491203,2014,2019,5,espn
LUMA-W-0000372,Nadirah McKenith,,2491228,2013,2014,2,espn
LUMA-W-0000373,Anne Marie Armstrong,,2491327,2013,2013,1,espn
LUMA-W-0000374,Jasmine James,,2491328,2013,2013,1,espn
LUMA-W-0000375,Jasmine Hassell,,2491329,2013,2014,2,espn
LUMA-W-0000376,A'dia Mathies,,2491335,2013,2013,1,espn
LUMA-W-0000377,Kelsey Bone,,2491346,2013,2018,5,espn
LUMA-W-0000378,Kamiko Williams,,2491350,2013,2013,1,espn
LUMA-W-0000379,Victoria Macaulay,,2491811,2015,2019,2,espn
LUMA-W-0000380,Elena Delle Donne,,2491877,2013,2023,10,espn
LUMA-W-0000381,Sheila Lambert,,251,2003,2005,3,espn
LUMA-W-0000382,Maggie Lucas,,2528839,2014,2018,4,espn
LUMA-W-0000383,Jordan Hooper,,2529078,2014,2017,4,espn
LUMA-W-0000384,Aaryn Ellenberg,,2529083,2014,2014,1,espn
LUMA-W-0000385,Tiffany Bias,,2529089,2014,2019,4,espn
LUMA-W-0000386,Tricia Liston,,2529124,2014,2015,2,espn
LUMA-W-0000387,Haley Peters,,2529125,2016,2025,4,espn
LUMA-W-0000388,Bria Hartley,,2529185,2014,2025,10,espn
LUMA-W-0000389,Shoni Schimmel,,2529196,2014,2018,4,espn
LUMA-W-0000390,Natalie Achonwa,,2529203,2015,2022,8,espn
LUMA-W-0000391,Robyn Parks,,2529567,2023,2025,2,espn
LUMA-W-0000392,Jamierra Faulkner,,2529603,2014,2019,5,espn
LUMA-W-0000393,Heather Butler,,2529692,2014,2014,1,espn
LUMA-W-0000394,Chiney Ogwumike,,2529950,2014,2023,7,espn
LUMA-W-0000395,Jennifer O'Neill,,2530078,2015,2015,1,espn
LUMA-W-0000396,Shanece McKinney,,2530081,2014,2014,1,espn
LUMA-W-0000397,Theresa Plaisance,,2530082,2014,2022,9,espn
LUMA-W-0000398,Meighan Simmons,,2530103,2016,2017,2,espn
LUMA-W-0000399,Jasmine Lister,,2530107,2015,2015,1,espn
LUMA-W-0000400,Jennifer Hamson,,2530679,2015,2017,2,espn
LUMA-W-0000401,Ezinne Kalu,,2531437,2024,2024,1,espn
LUMA-W-0000402,Amanda Lassiter,,255,2003,2006,4,espn
LUMA-W-0000403,Brene Moseley,,2566091,2016,2016,1,espn
LUMA-W-0000404,Brittany Boyd-Jones,,2566210,2015,2021,6,espn
LUMA-W-0000405,Reshanda Gray,,2566211,2015,2022,6,espn
LUMA-W-0000406,Cierra Burdick,,2566452,2015,2021,5,espn
LUMA-W-0000407,Brianna Kiesel,,2566479,2015,2017,3,espn
LUMA-W-0000408,Inga Orekhova,,2566494,2014,2015,2,espn
LUMA-W-0000409,Whitney Knight,,2567703,2016,2016,1,espn
LUMA-W-0000410,Jazmon Gwathmey,,2568417,2016,2018,3,espn
LUMA-W-0000411,Blake Dietrick,,2569047,2016,2021,5,espn
LUMA-W-0000412,Alex Harden,,2569244,2015,2016,2,espn
LUMA-W-0000413,Ally Malott,,2590050,2015,2016,2,espn
LUMA-W-0000414,Andrea Hoover,,2590051,2015,2015,1,espn
LUMA-W-0000415,Kaleena Mosqueda-Lewis,,2590092,2015,2020,6,espn
LUMA-W-0000416,Brittany Hrynko,,2590096,2015,2015,1,espn
LUMA-W-0000417,Samantha Logic,,2590350,2015,2015,1,espn
LUMA-W-0000418,Cyesha Damian Goree,,2590356,2023,2023,1,espn
LUMA-W-0000419,Crystal Bradford,,2591976,2015,2025,3,espn
LUMA-W-0000420,Tynesha Lewis,,260,2003,2006,4,espn
LUMA-W-0000421,Nancy Lieberman,,261,2008,2008,1,espn
LUMA-W-0000422,Rebecca Lobo,,263,2003,2003,1,espn
LUMA-W-0000423,Stacey Lovelace,,264,2004,2008,5,espn
LUMA-W-0000424,Helen Luz,,266,2003,2003,1,espn
LUMA-W-0000425,Margo Dydek,,27,2003,2008,6,espn
LUMA-W-0000426,Hamchetou Maiga-Ba,,270,2003,2010,8,espn
LUMA-W-0000427,Rhonda Mapp,,274,2003,2003,1,espn
LUMA-W-0000428,Marie Ferdinand-Harris,,28,2003,2011,8,espn
LUMA-W-0000429,Nikki McCray-Penson,,282,2003,2006,4,espn
LUMA-W-0000430,Danielle McCulley,,283,2003,2003,1,espn
LUMA-W-0000431,Taj McWilliams-Franklin,,286,2003,2012,10,espn
LUMA-W-0000432,Chasity Melvin,,289,2003,2010,8,espn
LUMA-W-0000433,Andrea Gardner,,29,2008,2008,1,espn
LUMA-W-0000434,Coco Miller,,291,2003,2012,10,espn
LUMA-W-0000435,Kelly Miller,,292,2003,2012,10,espn
LUMA-W-0000436,Tausha Mills,,293,2003,2007,2,espn
LUMA-W-0000437,Adriana Moises Pinto,,296,2007,2007,1,espn
LUMA-W-0000438,Clarissa dos Santos,,2968408,2015,2016,2,espn
LUMA-W-0000439,Nadia Colhado,,2968409,2014,2017,3,espn
LUMA-W-0000440,Evgeniia Belyakova,,2969569,2016,2016,1,espn
LUMA-W-0000441,Celine Dumerc,,2970295,2014,2014,1,espn
LUMA-W-0000442,Endy Miyem,,2970318,2018,2018,1,espn
LUMA-W-0000443,Alexis Prince,,2984111,2017,2025,4,espn
LUMA-W-0000444,Imani McGee-Stafford,,2984237,2016,2019,4,espn
LUMA-W-0000445,Alexis Jones,,2984245,2017,2020,4,espn
LUMA-W-0000446,Markeisha Gatling,,2984366,2014,2016,3,espn
LUMA-W-0000447,Jillian Alleyne,,2984730,2019,2021,2,espn
LUMA-W-0000448,Tiffany Mitchell,,2984741,2016,2025,10,espn
LUMA-W-0000449,Ameryst Alston,,2986155,2016,2017,2,espn
LUMA-W-0000450,Alisia Jenkins,,2987887,2020,2020,1,espn
LUMA-W-0000451,Tamara Moore,,299,2003,2007,5,espn
LUMA-W-0000452,Bashaara Graves,,2991969,2016,2017,2,espn
LUMA-W-0000453,Moriah Jefferson,,2998927,2016,2025,9,espn
LUMA-W-0000454,Morgan Tuck,,2998929,2016,2020,5,espn
LUMA-W-0000455,Rachel Hollivay,,2998939,2016,2017,2,espn
LUMA-W-0000456,Aerial Powers,,2999035,2016,2025,10,espn
LUMA-W-0000457,Ruth Hamblin,,2999038,2016,2016,1,espn
LUMA-W-0000458,Jamie Weisner,,2999042,2016,2016,1,espn
LUMA-W-0000459,Bria Holmes,,2999140,2016,2021,5,espn
LUMA-W-0000460,Lanay Montgomery,,2999141,2017,2017,1,espn
LUMA-W-0000461,Jennie Simms,,2999142,2017,2023,3,espn
LUMA-W-0000462,Tamecka Dixon,,3,2003,2009,7,espn
LUMA-W-0000463,Adrienne Goodson,,30,2003,2005,3,espn
LUMA-W-0000464,Amanda Zahui B.,,3007473,2015,2023,8,espn
LUMA-W-0000465,Nirra Fields,,3007761,2016,2016,1,espn
LUMA-W-0000466,Shae Kelley,,3007779,2015,2015,1,espn
LUMA-W-0000467,Emma Meesseman,,3027368,2013,2025,9,espn
LUMA-W-0000468,Imani Wright,,3054094,2018,2018,1,espn
LUMA-W-0000469,Breanna Lewis,,3054105,2017,2018,2,espn
LUMA-W-0000470,Leticia Romero,,3054107,2018,2018,1,espn
LUMA-W-0000471,Saniya Chong,,3054119,2017,2018,2,espn
LUMA-W-0000472,Feyonda Fitzgerald,,3054133,2017,2017,1,espn
LUMA-W-0000473,Sophie Brunner,,3055791,2017,2017,1,espn
LUMA-W-0000474,Hind Ben Abdelkader,,3055794,2018,2018,1,espn
LUMA-W-0000475,Sydney Wiese,,3055808,2017,2021,5,espn
LUMA-W-0000476,Linnae Harper,,3056639,2018,2023,3,espn
LUMA-W-0000477,Makayla Epps,,3056640,2017,2017,1,espn
LUMA-W-0000478,Raigyne Louis,,3056654,2018,2018,1,espn
LUMA-W-0000479,Alaina Coates,,3056664,2018,2023,5,espn
LUMA-W-0000480,Mercedes Russell,,3056672,2018,2026,9,espn
LUMA-W-0000481,Erica McCall,,3056728,2017,2021,5,espn
LUMA-W-0000482,Kaela Davis,,3058888,2017,2024,6,espn
LUMA-W-0000483,Stephanie Mavunga,,3058900,2018,2020,3,espn
LUMA-W-0000484,Diamond DeShields,,3058902,2018,2024,6,espn
LUMA-W-0000485,Lindsay Allen,,3058908,2017,2025,8,espn
LUMA-W-0000486,Alexis Peterson,,3058915,2017,2017,1,espn
LUMA-W-0000487,Sparkle Taylor,,3065049,2022,2022,1,espn
LUMA-W-0000488,Teana Muldrow,,3066473,2018,2018,1,espn
LUMA-W-0000489,Astou Ndiaye-Diatta,,308,2003,2007,4,espn
LUMA-W-0000490,Astou Ndour-Fall,,3099025,2014,2024,7,espn
LUMA-W-0000491,Tess Madgen,,3102134,2015,2015,1,espn
LUMA-W-0000492,Anna Cruz,,3102551,2014,2016,3,espn
LUMA-W-0000493,Deanna Nolan,,312,2003,2009,7,espn
LUMA-W-0000494,Vanessa Nygaard,,313,2003,2003,1,espn
LUMA-W-0000495,Adut Bulgak,,3142019,2016,2017,2,espn
LUMA-W-0000496,Arica Carter,,3142057,2019,2019,1,espn
LUMA-W-0000497,Chloe Jackson,,3142082,2019,2019,1,espn
LUMA-W-0000498,Kathryn Westbeld,,3142087,2025,2025,1,espn
LUMA-W-0000499,Kiara Leslie,,3142149,2020,2021,2,espn
LUMA-W-0000500,Kenisha Bell,,3142297,2019,2019,1,espn
LUMA-W-0000501,Victoria Vivians,,3142948,2018,2024,6,espn
LUMA-W-0000502,Jaime Nared,,3143136,2018,2019,2,espn
LUMA-W-0000503,Khaalia Hillsman,,3143139,2023,2023,1,espn
LUMA-W-0000504,Paris Kea,,3143149,2019,2020,2,espn
LUMA-W-0000505,Morgan Bertsch,,3143510,2023,2024,2,espn
LUMA-W-0000506,Brooke McCarty-Williams,,3146149,2019,2019,1,espn
LUMA-W-0000507,Marie Gulich,,3151645,2018,2020,3,espn
LUMA-W-0000508,Kristy Wallace,,3156318,2022,2024,3,espn
LUMA-W-0000509,Murriel Page,,316,2003,2008,6,espn
LUMA-W-0000510,Megan Huff,,3164610,2020,2020,1,espn
LUMA-W-0000511,Wendy Palmer,,317,2003,2007,5,espn
LUMA-W-0000512,Marianna Tolo,,3173145,2015,2015,1,espn
LUMA-W-0000513,Kate Starbird,,32,2004,2004,1,espn
LUMA-W-0000514,Ticha Penicheiro,,321,2003,2012,10,espn
LUMA-W-0000515,Bridget Pettis,,323,2003,2006,2,espn
LUMA-W-0000516,Elaine Powell,,328,2003,2008,6,espn
LUMA-W-0000517,Natalie Williams,,33,2003,2005,3,espn
LUMA-W-0000518,Felicia Ragland,,331,2003,2005,3,espn
LUMA-W-0000519,Semeka Randall,,333,2003,2004,2,espn
LUMA-W-0000520,Kristen Rasmussen,,334,2003,2008,6,espn
LUMA-W-0000521,Svetlana Abrosimova,,34,2003,2012,8,espn
LUMA-W-0000522,Ruth Riley,,341,2003,2013,11,espn
LUMA-W-0000523,Jennifer Rizzotti,,342,2003,2003,1,espn
LUMA-W-0000524,Nykesha Sales,,349,2003,2007,5,espn
LUMA-W-0000525,Janell Burse,,35,2003,2009,6,espn
LUMA-W-0000526,Sheri Sam,,350,2003,2008,6,espn
LUMA-W-0000527,Kelly Santos,,352,2008,2008,1,espn
LUMA-W-0000528,Kelly Schumacher,,358,2003,2008,6,espn
LUMA-W-0000529,Olympia Scott,,359,2004,2008,5,espn
LUMA-W-0000530,Shaunzinski Gortman,,36,2003,2006,3,espn
LUMA-W-0000531,Charlotte Smith,,364,2003,2006,4,espn
LUMA-W-0000532,Charmin Smith,,365,2003,2003,1,espn
LUMA-W-0000533,Tangela Smith,,369,2003,2012,10,espn
LUMA-W-0000534,Betty Lennox,,37,2003,2011,9,espn
LUMA-W-0000535,Belinda Snell,,371,2005,2011,6,espn
LUMA-W-0000536,Michelle Snow,,372,2003,2015,12,espn
LUMA-W-0000537,Dawn Staley,,375,2003,2006,4,espn
LUMA-W-0000538,Maria Stepanova,,377,2005,2005,1,espn
LUMA-W-0000539,Lynn Pride,,38,2003,2003,1,espn
LUMA-W-0000540,Andrea Stinson,,380,2003,2005,3,espn
LUMA-W-0000541,Jurgita Streimikyte,,382,2005,2005,1,espn
LUMA-W-0000542,Tammy Sutton-Brown,,384,2003,2012,10,espn
LUMA-W-0000543,Sheryl Swoopes,,385,2003,2011,7,espn
LUMA-W-0000544,Penny Taylor,,388,2003,2016,11,espn
LUMA-W-0000545,Ana Dabovic,,3888042,2015,2016,2,espn
LUMA-W-0000546,Cayla George,,3888043,2015,2023,4,espn
LUMA-W-0000547,Marta Xargay,,3888044,2015,2016,2,espn
LUMA-W-0000548,Georgia Schweitzer,,39,2003,2003,1,espn
LUMA-W-0000549,Haley Gorecki,,3904544,2021,2021,1,espn
LUMA-W-0000550,Kyra Lambert,,3904548,2025,2025,1,espn
LUMA-W-0000551,AD Durr,,3904553,2019,2023,3,espn
LUMA-W-0000552,Anriel Howard,,3906306,2019,2019,1,espn
LUMA-W-0000553,Maite Cazorla,,3907713,2019,2019,1,espn
LUMA-W-0000554,Te'a Cooper,,3907789,2020,2021,2,espn
LUMA-W-0000555,Kristine Anigwe,,3913868,2019,2023,5,espn
LUMA-W-0000556,Kalani Brown,,3916514,2019,2025,6,espn
LUMA-W-0000557,Beatrice Mompremier,,3916517,2020,2022,3,espn
LUMA-W-0000558,Stacey Thomas,,392,2003,2005,3,espn
LUMA-W-0000559,Kitija Laksa,,3920741,2025,2025,1,espn
LUMA-W-0000560,Evelyn Akhator,,3922629,2017,2017,1,espn
LUMA-W-0000561,Alicia Thompson,,393,2004,2005,2,espn
LUMA-W-0000562,Jaylyn Agnew,,3938935,2020,2020,1,espn
LUMA-W-0000563,Tina Thompson,,394,2003,2013,11,espn
LUMA-W-0000564,Stephanie Watts,,3944151,2021,2021,1,espn
LUMA-W-0000565,Katie Smith,,40,2003,2013,11,espn
LUMA-W-0000566,Zoi Dimitrakou,,4008655,2016,2016,1,espn
LUMA-W-0000567,Frida Eldebrink,,4011216,2016,2016,1,espn
LUMA-W-0000568,Jelena Dubljevic,,4011778,2016,2016,1,espn
LUMA-W-0000569,Nayo Raincock-Ekunwe,,4038352,2017,2019,2,espn
LUMA-W-0000570,Shao Ting,,4038365,2019,2019,1,espn
LUMA-W-0000571,Olivia Epoupa,,4038390,2024,2024,1,espn
LUMA-W-0000572,Rui Machida,,4038394,2022,2022,1,espn
LUMA-W-0000573,Maimouna Diarra,,4038419,2017,2017,1,espn
LUMA-W-0000574,Slobodanka Tuvic,,404,2003,2004,2,espn
LUMA-W-0000575,Itoro Umoh-Coleman,,406,2003,2003,1,espn
LUMA-W-0000576,Aaliyah Wilson,,4065692,2021,2021,1,espn
LUMA-W-0000577,Mikiah Herbert Harrigan,,4065759,2020,2024,3,espn
LUMA-W-0000578,Destiny Slocum,,4065781,2021,2022,2,espn
LUMA-W-0000579,Stephanie Jones,,4065785,2021,2022,2,espn
LUMA-W-0000580,Leaonna Odom,,4065818,2020,2021,2,espn
LUMA-W-0000581,Kysre Gondrezick,,4065820,2021,2024,2,espn
LUMA-W-0000582,Jasmine Walker,,4065832,2021,2022,2,espn
LUMA-W-0000583,Kylee Shook,,4065849,2020,2021,2,espn
LUMA-W-0000584,Jazmine Jones,,4065850,2020,2022,3,espn
LUMA-W-0000585,Jocelyn Willoughby,,4065879,2020,2023,3,espn
LUMA-W-0000586,Jaelyn Brown,,4066527,2024,2025,2,espn
LUMA-W-0000587,Ruthy Hebard,,4066534,2020,2023,4,espn
LUMA-W-0000588,Aari McDonald,,4066553,2021,2025,5,espn
LUMA-W-0000589,Lauren Cox,,4066563,2020,2023,3,espn
LUMA-W-0000590,Crystal Dangerfield,,4066585,2020,2024,5,espn
LUMA-W-0000591,Kathleen Doyle,,4068092,2020,2020,1,espn
LUMA-W-0000592,Chelsea Dungee,,4068110,2021,2021,1,espn
LUMA-W-0000593,Brittany Brewer,,4068173,2020,2020,1,espn
LUMA-W-0000594,Arella Guirantes,,4068178,2021,2023,2,espn
LUMA-W-0000595,Hannah Sjerven,,4068349,2022,2022,1,espn
LUMA-W-0000596,Katie Benzan,,4068580,2022,2022,1,espn
LUMA-W-0000597,Bella Alarie,,4068600,2020,2021,2,espn
LUMA-W-0000598,Raina Perez,,4068715,2022,2022,1,espn
LUMA-W-0000599,Amy Atwell,,4068885,2022,2024,2,espn
LUMA-W-0000600,Stella Johnson,,4068890,2020,2021,2,espn
LUMA-W-0000601,Dalivorka Vilipic,,410,2006,2006,1,espn
LUMA-W-0000602,Kamila Vodichkova,,411,2003,2006,4,espn
LUMA-W-0000603,Ayana Walker,,414,2003,2007,5,espn
LUMA-W-0000604,DeMya Chakheia Walker,,416,2003,2012,10,espn
LUMA-W-0000605,Michele Van Gorp,,42,2003,2004,2,espn
LUMA-W-0000606,Coquese Washington,,420,2003,2003,1,espn
LUMA-W-0000607,LaTonya Massaline,,421,2003,2003,1,espn
LUMA-W-0000608,Ann Wauters,,423,2004,2016,6,espn
LUMA-W-0000609,Adrian Williams-Strong,,428,2003,2008,5,espn
LUMA-W-0000610,Khayla Pointer,,4280859,2022,2022,1,espn
LUMA-W-0000611,Rennia Davis,,4280888,2022,2022,1,espn
LUMA-W-0000612,Evina Westbrook,,4280890,2022,2023,2,espn
LUMA-W-0000613,Megan Walker,,4281077,2020,2022,3,espn
LUMA-W-0000614,Lorela Cubaj,,4281183,2022,2024,3,espn
LUMA-W-0000615,Aisha Sheppard,,4281223,2022,2022,1,espn
LUMA-W-0000616,DiDi Richards,,4281253,2021,2024,3,espn
LUMA-W-0000617,Abby Meyers,,4281402,2023,2023,1,espn
LUMA-W-0000618,Sam Thomas,,4281914,2022,2023,2,espn
LUMA-W-0000619,Kianna Smith,,4281919,2022,2022,1,espn
LUMA-W-0000620,Aleah Goodman,,4282158,2021,2021,1,espn
LUMA-W-0000621,Chelsey Perry,,4282471,2021,2021,1,espn
LUMA-W-0000622,Maria Kliundikova,,4329370,2018,2025,3,espn
LUMA-W-0000623,Ji-Su Park,,4329389,2018,2021,3,espn
LUMA-W-0000624,Rita Williams,,433,2003,2003,1,espn
LUMA-W-0000625,Taylor Soule,,4398567,2023,2024,2,espn
LUMA-W-0000626,Liz Dixon,,4398591,2023,2024,2,espn
LUMA-W-0000627,Elissa Cunane,,4398625,2022,2022,1,espn
LUMA-W-0000628,Jessika Carter,,4398726,2024,2024,1,espn
LUMA-W-0000629,Kadi Sissoko,,4398731,2023,2023,1,espn
LUMA-W-0000630,Destanni Henderson,,4398751,2022,2024,3,espn
LUMA-W-0000631,Victaria Saxton,,4398752,2023,2024,2,espn
LUMA-W-0000632,Queen Egbo,,4398779,2022,2024,3,espn
LUMA-W-0000633,Caitlin Bickle,,4398780,2024,2024,1,espn
LUMA-W-0000634,Ashley Joens,,4398802,2023,2023,1,espn
LUMA-W-0000635,Madi Williams,,4398883,2023,2023,1,espn
LUMA-W-0000636,Grace Berger,,4398899,2023,2025,3,espn
LUMA-W-0000637,Taylor Mikesell,,4398912,2023,2023,1,espn
LUMA-W-0000638,Nia Clouden,,4398921,2022,2023,2,espn
LUMA-W-0000639,Leigha Brown,,4398928,2023,2023,1,espn
LUMA-W-0000640,Kayana Traylor,,4398947,2023,2023,1,espn
LUMA-W-0000641,Christyn Williams,,4398965,2025,2025,1,espn
LUMA-W-0000642,Charli Collier,,4398988,2021,2022,2,espn
LUMA-W-0000643,Lou Lopez Senechal,,4399114,2024,2024,1,espn
LUMA-W-0000644,Jasmine Dickey,,4399842,2022,2023,2,espn
LUMA-W-0000645,Tamika Williams-Jeter,,44,2003,2006,4,espn
LUMA-W-0000646,Brooke Wyckoff,,442,2003,2009,6,espn
LUMA-W-0000647,Li Meng,,4422424,2023,2023,1,espn
LUMA-W-0000648,Jakia Brown-Turner,,4432841,2024,2024,1,espn
LUMA-W-0000649,Celeste Taylor,,4432864,2024,2024,1,espn
LUMA-W-0000650,Charisma Osborne,,4433293,2024,2024,1,espn
LUMA-W-0000651,Elizabeth Kitley,,4433309,2025,2025,1,espn
LUMA-W-0000652,Madison Scott,,4433416,2025,2025,1,espn
LUMA-W-0000653,Nika Muhl,,4433468,2024,2024,1,espn
LUMA-W-0000654,Megan McConnell,,4433510,2025,2025,1,espn
LUMA-W-0000655,Marquesha Davis,,4433661,2024,2025,2,espn
LUMA-W-0000656,Rayah Marshall,,4433792,2025,2026,2,espn
LUMA-W-0000657,Lindsey Yamasaki,,444,2003,2003,1,espn
LUMA-W-0000658,Tonie Morgan,,4565515,2026,2026,1,espn
LUMA-W-0000659,Gergana Slavtcheva,,457,2003,2003,1,espn
LUMA-W-0000660,Dulcy Fankam Mendjiadeu,,4594527,2023,2024,2,espn
LUMA-W-0000661,Camryn Taylor,,4595150,2025,2025,1,espn
LUMA-W-0000662,Dyaisha Fair,,4595236,2024,2024,1,espn
LUMA-W-0000663,Jordan Adams,,462,2003,2003,1,espn
LUMA-W-0000664,Chantelle Anderson,,463,2003,2007,5,espn
LUMA-W-0000665,Bernadett Hatar,,4634697,2021,2023,2,espn
LUMA-W-0000666,Suzy Batkovic,,465,2005,2009,2,espn
LUMA-W-0000667,Coretta Brown,,470,2003,2006,4,espn
LUMA-W-0000668,Ajae Petty,,4704417,2025,2025,1,espn
LUMA-W-0000669,Courtney Coleman,,474,2003,2003,1,espn
LUMA-W-0000670,Teresa Edwards,,477,2003,2004,2,espn
LUMA-W-0000671,Cheryl Ford,,479,2003,2009,7,espn
LUMA-W-0000672,Shyla Heal,,4790261,2021,2021,1,espn
LUMA-W-0000673,Gwen Jackson,,480,2003,2005,3,espn
LUMA-W-0000674,Jung Sun-Min,,483,2003,2003,1,espn
LUMA-W-0000675,Kara Lawson,,485,2003,2015,13,espn
LUMA-W-0000676,Tina Krajisnik,,4874470,2022,2022,1,espn
LUMA-W-0000677,Serena Sundell,,4898994,2025,2025,1,espn
LUMA-W-0000678,Jocelyn Penn,,490,2003,2004,2,espn
LUMA-W-0000679,Plenette Pierson,,491,2003,2017,15,espn
LUMA-W-0000680,K.B. Sharp,,494,2003,2009,6,espn
LUMA-W-0000681,Aiysha Smith,,495,2003,2004,2,espn
LUMA-W-0000682,LaToya Thomas,,509,2003,2008,6,espn
LUMA-W-0000683,Erin Thorn,,510,2003,2013,11,espn
LUMA-W-0000684,Stephanie Soares,,5106150,2024,2024,1,espn
LUMA-W-0000685,Petra Ujhelyi,,511,2003,2003,1,espn
LUMA-W-0000686,DeTrina White,,512,2004,2005,2,espn
LUMA-W-0000687,Shaquala Williams,,513,2003,2003,1,espn
LUMA-W-0000688,Ivana Dojkic,,5130672,2023,2024,2,espn
LUMA-W-0000689,Zuzana Zirkova,,515,2003,2003,1,espn
LUMA-W-0000690,Leigh Aziz,,516,2003,2003,1,espn
LUMA-W-0000691,Octavia Blue,,517,2003,2004,2,espn
LUMA-W-0000692,Tai Dillard,,518,2003,2005,3,espn
LUMA-W-0000693,Chandra Johnson,,519,2003,2003,1,espn
LUMA-W-0000694,Teana Miller,,520,2003,2007,4,espn
LUMA-W-0000695,Sevgi Uzun,,5209660,2024,2025,2,espn
LUMA-W-0000696,LaQuanda Quick,,521,2003,2003,1,espn
LUMA-W-0000697,Nakia Sanford,,522,2003,2013,11,espn
LUMA-W-0000698,Marieme Badiane,,5220147,2025,2025,1,espn
LUMA-W-0000699,Murjanatu Musa,,5220167,2025,2025,1,espn
LUMA-W-0000700,Mfon Udoka,,523,2003,2004,2,espn
LUMA-W-0000701,Stephanie White,,524,2003,2004,2,espn
LUMA-W-0000702,Nevriye Yilmaz,,525,2003,2004,2,espn
LUMA-W-0000703,Michaela Pavlickova,,527,2003,2003,1,espn
LUMA-W-0000704,Kariata Diaby,,5278686,2025,2025,1,espn
LUMA-W-0000705,Mamignan Toure,,5279789,2025,2025,1,espn
LUMA-W-0000706,Bethany Donaphin,,531,2003,2004,2,espn
LUMA-W-0000707,Sonja Mallory,,532,2003,2003,1,espn
LUMA-W-0000708,Jenni Benningfield,,534,2005,2005,1,espn
LUMA-W-0000709,Tera Bjorklund,,535,2004,2004,1,espn
LUMA-W-0000710,Kelly Mazzante,,536,2004,2011,7,espn
LUMA-W-0000711,Jia Perkins,,537,2004,2017,14,espn
LUMA-W-0000712,Nicole Powell,,538,2004,2014,11,espn
LUMA-W-0000713,Jessica Brungo,,540,2004,2006,3,espn
LUMA-W-0000714,Jennifer Derevjanik,,541,2004,2008,5,espn
LUMA-W-0000715,Candace Futrell,,542,2004,2004,1,espn
LUMA-W-0000716,Anastasia Kostaki,,543,2006,2006,1,espn
LUMA-W-0000717,Lindsay Whalen,,545,2004,2018,15,espn
LUMA-W-0000718,Jae Kingi-Cross,,546,2004,2006,2,espn
LUMA-W-0000719,Chandi Jones,,547,2004,2006,3,espn
LUMA-W-0000720,Isabel Sanchez,,548,2004,2005,2,espn
LUMA-W-0000721,Jennifer Smith,,549,2005,2005,1,espn
LUMA-W-0000722,Mactabene Amachree,,55,2003,2005,2,espn
LUMA-W-0000723,Iciss Tillis,,550,2004,2007,3,espn
LUMA-W-0000724,Ebony Hoffman,,551,2004,2014,11,espn
LUMA-W-0000725,Monique Coker,,553,2004,2004,1,espn
LUMA-W-0000726,Doneeka Lewis,,554,2004,2011,6,espn
LUMA-W-0000727,Laura Macchi,,555,2004,2005,2,espn
LUMA-W-0000728,Raffaella Masciadri,,556,2004,2008,3,espn
LUMA-W-0000729,Christi Thomas,,558,2004,2010,7,espn
LUMA-W-0000730,Tasha Butts,,560,2004,2004,1,espn
LUMA-W-0000731,Vanessa Hayden-Johnson,,561,2004,2009,5,espn
LUMA-W-0000732,Amber Jacobs,,562,2004,2008,5,espn
LUMA-W-0000733,Nicole Ohlde,,563,2004,2010,7,espn
LUMA-W-0000734,Gwen Slaughter,,564,2004,2004,1,espn
LUMA-W-0000735,Amisha Carter,,565,2004,2005,2,espn
LUMA-W-0000736,Shameka Christon,,566,2004,2015,11,espn
LUMA-W-0000737,Katie Cronin,,567,2006,2006,1,espn
LUMA-W-0000738,Cathy Joens,,568,2007,2008,2,espn
LUMA-W-0000739,Rebekkah Brunson,,571,2004,2018,15,espn
LUMA-W-0000740,Nuria Martinez,,574,2005,2010,2,espn
LUMA-W-0000741,Giuliana Mendiola,,575,2004,2004,1,espn
LUMA-W-0000742,Agnieszka Bibrzycka,,576,2004,2006,2,espn
LUMA-W-0000743,Mandisa Stevenson,,577,2004,2006,3,espn
LUMA-W-0000744,Toccara Williams,,578,2004,2004,1,espn
LUMA-W-0000745,Trina Frierson,,579,2004,2004,1,espn
LUMA-W-0000746,Michelle Greco,,580,2004,2004,1,espn
LUMA-W-0000747,Alana Beard,,581,2004,2019,14,espn
LUMA-W-0000748,Kaayla Chones,,582,2004,2006,3,espn
LUMA-W-0000749,Ashley Robinson,,584,2004,2013,10,espn
LUMA-W-0000750,Diana Taurasi,,585,2004,2024,20,espn
LUMA-W-0000751,Lindsay Taylor,,586,2004,2004,1,espn
LUMA-W-0000752,Shereka Wright,,588,2004,2005,2,espn
LUMA-W-0000753,Mery Andrade,,59,2004,2004,1,espn
LUMA-W-0000754,Le'coe Willingham,,592,2004,2013,10,espn
LUMA-W-0000755,Stacy Stephens,,593,2004,2004,1,espn
LUMA-W-0000756,Lisa Leslie,,6,2003,2009,6,espn
LUMA-W-0000757,Kendra Wecker,,600,2005,2008,4,espn
LUMA-W-0000758,Katie Feenstra,,601,2005,2008,4,espn
LUMA-W-0000759,Shyra Ely-Gash,,602,2005,2011,6,espn
LUMA-W-0000760,Cathrine Kraayeveld,,603,2005,2013,9,espn
LUMA-W-0000761,Temeka Johnson,,604,2005,2015,11,espn
LUMA-W-0000762,Roneeka Hodges,,608,2005,2015,11,espn
LUMA-W-0000763,Sancho Lyttle,,609,2005,2019,15,espn
LUMA-W-0000764,Janeth Arcain,,61,2003,2005,2,espn
LUMA-W-0000765,Laurie Koehn,,610,2005,2012,5,espn
LUMA-W-0000766,Loree Moore,,614,2005,2009,5,espn
LUMA-W-0000767,Tanisha Wright,,618,2005,2019,14,espn
LUMA-W-0000768,Ashley Battle,,619,2005,2010,6,espn
LUMA-W-0000769,Marlous Nieuwveen,,620,2005,2005,1,espn
LUMA-W-0000770,Tan White,,622,2005,2014,10,espn
LUMA-W-0000771,Yolanda Paige,,623,2005,2005,1,espn
LUMA-W-0000772,Angelina Williams,,625,2005,2006,2,espn
LUMA-W-0000773,Sandora Irvin,,626,2005,2011,6,espn
LUMA-W-0000774,Anna Montanana,,631,2009,2009,1,espn
LUMA-W-0000775,Jamie Carey,,632,2005,2008,4,espn
LUMA-W-0000776,Sui Feifei,,633,2005,2005,1,espn
LUMA-W-0000777,Miao Lijie,,634,2005,2005,1,espn
LUMA-W-0000778,Kristin Haynie,,636,2005,2009,5,espn
LUMA-W-0000779,Chelsea Newton,,637,2005,2009,5,espn
LUMA-W-0000780,Cisti Greenwalt,,638,2006,2006,1,espn
LUMA-W-0000781,Laura Summerton,,639,2005,2006,2,espn
LUMA-W-0000782,Kara Braxton,,640,2005,2014,10,espn
LUMA-W-0000783,Francesca Zara,,641,2005,2005,1,espn
LUMA-W-0000784,Janel McCarville,,642,2005,2016,9,espn
LUMA-W-0000785,Edwige Lawson-Wade,,643,2005,2010,5,espn
LUMA-W-0000786,Jacqueline Batteast,,644,2005,2006,2,espn
LUMA-W-0000787,Kristen Mann,,645,2005,2010,6,espn
LUMA-W-0000788,Jessica Moore,,646,2005,2013,9,espn
LUMA-W-0000789,Natalia Vodopyonova,,647,2005,2005,1,espn
LUMA-W-0000790,Irina Osipova,,648,2006,2006,1,espn
LUMA-W-0000791,Susan Borchardt,,649,2005,2005,1,espn
LUMA-W-0000792,Caity Matter,,650,2005,2005,1,espn
LUMA-W-0000793,Monique Currie,,651,2006,2018,13,espn
LUMA-W-0000794,Tye'sha Fluker,,652,2006,2008,3,espn
LUMA-W-0000795,Yelena Leuchanka,,654,2006,2012,4,espn
LUMA-W-0000796,Liz Shimek,,657,2006,2006,1,espn
LUMA-W-0000797,Tiffany Stansbury,,659,2006,2010,3,espn
LUMA-W-0000798,Mistie McCray Bass,,660,2006,2016,10,espn
LUMA-W-0000799,LaToya Bond,,661,2006,2008,2,espn
LUMA-W-0000800,Kim Smith,,662,2006,2008,3,espn
LUMA-W-0000801,Scholanda Dorrell,,664,2006,2012,7,espn
LUMA-W-0000802,Brittany Wilkins,,666,2006,2008,2,espn
LUMA-W-0000803,Emile Gomis,,669,2006,2006,1,espn
LUMA-W-0000804,Sherill Baker,,670,2006,2008,3,espn
LUMA-W-0000805,Brooke Queenan,,671,2006,2008,2,espn
LUMA-W-0000806,Christelle N'Garsanet,,672,2006,2006,1,espn
LUMA-W-0000807,La'Tangela Atkinson,,673,2006,2009,4,espn
LUMA-W-0000808,Kasha Terry,,674,2006,2008,3,espn
LUMA-W-0000809,Zane Teilane,,676,2006,2006,1,espn
LUMA-W-0000810,Megan Mahoney,,677,2006,2007,2,espn
LUMA-W-0000811,Erin Phillips,,678,2006,2016,9,espn
LUMA-W-0000812,Barbara Turner,,679,2006,2009,4,espn
LUMA-W-0000813,Elena Baranova,,68,2003,2005,3,espn
LUMA-W-0000814,Sophia Young-Malcolm,,680,2006,2015,9,espn
LUMA-W-0000815,Shanna Zolman,,681,2006,2006,1,espn
LUMA-W-0000816,Tamara James,,682,2006,2007,2,espn
LUMA-W-0000817,Nikki Blue,,683,2006,2010,5,espn
LUMA-W-0000818,Jennifer Lacy,,684,2006,2015,10,espn
LUMA-W-0000819,Cappie Pondexter,,685,2006,2018,13,espn
LUMA-W-0000820,Ann Strother,,686,2006,2008,3,espn
LUMA-W-0000821,Crystal Smith,,687,2006,2008,3,espn
LUMA-W-0000822,Candice Dupree,,689,2006,2021,16,espn
LUMA-W-0000823,Brandi Davis,,690,2006,2006,1,espn
LUMA-W-0000824,Emmeline Ndongue,,691,2006,2006,1,espn
LUMA-W-0000825,Lisa Willis,,692,2006,2009,4,espn
LUMA-W-0000826,Megan Duffy,,693,2006,2008,3,espn
LUMA-W-0000827,Shona Thorburn,,694,2006,2007,2,espn
LUMA-W-0000828,Seimone Augustus,,695,2006,2020,15,espn
LUMA-W-0000829,Ambrosia Anderson,,696,2006,2006,1,espn
LUMA-W-0000830,Sabrina Palie,,697,2006,2006,1,espn
LUMA-W-0000831,Liz Moeggenberg,,698,2007,2007,1,espn
LUMA-W-0000832,Tyresa Smith,,699,2007,2007,1,espn
LUMA-W-0000833,Mwadi Mabika,,7,2003,2008,6,espn
LUMA-W-0000834,Adia Oshun Barnes,,70,2003,2004,2,espn
LUMA-W-0000835,Armintie Herrington,,700,2007,2015,9,espn
LUMA-W-0000836,Leah Rush,,701,2008,2008,1,espn
LUMA-W-0000837,Chrissy Givens,,702,2008,2008,1,espn
LUMA-W-0000838,Stephanie Raymond,,705,2007,2007,1,espn
LUMA-W-0000839,Alison Bales,,706,2007,2011,4,espn
LUMA-W-0000840,Katie Gearlds,,710,2007,2009,3,espn
LUMA-W-0000841,Cori Chambers,,714,2007,2007,1,espn
LUMA-W-0000842,Shanna Crossley,,715,2007,2010,4,espn
LUMA-W-0000843,Jessica Davenport,,716,2007,2012,6,espn
LUMA-W-0000844,Dee Davis,,717,2007,2007,1,espn
LUMA-W-0000845,Shay Doron,,719,2007,2007,1,espn
LUMA-W-0000846,Marta Fernandez,,720,2007,2007,1,espn
LUMA-W-0000847,Kerri Gardin,,721,2008,2011,4,espn
LUMA-W-0000848,Gillian Goring,,723,2007,2007,1,espn
LUMA-W-0000849,Sandrine Gruda,,724,2008,2017,6,espn
LUMA-W-0000850,Kamesha Hairston,,725,2007,2007,1,espn
LUMA-W-0000851,Tiffany Jackson-Jones,,729,2007,2017,9,espn
LUMA-W-0000852,Ivory Latta,,730,2007,2017,11,espn
LUMA-W-0000853,Camille Little,,732,2007,2019,13,espn
LUMA-W-0000854,Bernice Mosby,,734,2007,2009,3,espn
LUMA-W-0000855,Shay Murphy,,735,2007,2017,9,espn
LUMA-W-0000856,Noelle Quinn,,737,2007,2018,12,espn
LUMA-W-0000857,Tamika Raymond,,738,2007,2008,2,espn
LUMA-W-0000858,Kathrin Ress,,739,2007,2007,1,espn
LUMA-W-0000859,Ashley Shields,,740,2007,2008,2,espn
LUMA-W-0000860,Sidney Spencer,,742,2007,2011,5,espn
LUMA-W-0000861,Carla Thomas,,744,2007,2007,1,espn
LUMA-W-0000862,Martina Weber,,746,2007,2007,1,espn
LUMA-W-0000863,Brooke Smith,,750,2008,2010,3,espn
LUMA-W-0000864,Erin Grant,,751,2007,2007,1,espn
LUMA-W-0000865,Lindsay Bowen,,755,2007,2007,1,espn
LUMA-W-0000866,Claire Coggins,,758,2007,2007,1,espn
LUMA-W-0000867,Amy Sanders,,759,2007,2007,1,espn
LUMA-W-0000868,Navonda Moore,,760,2007,2008,2,espn
LUMA-W-0000869,Evanthia Maltsi,,761,2007,2007,1,espn
LUMA-W-0000870,Kimberly Beck,,762,2008,2008,1,espn
LUMA-W-0000871,Kristen O'Neill,,763,2008,2008,1,espn
LUMA-W-0000872,Allie Quigley,,764,2008,2022,14,espn
LUMA-W-0000873,Quianna Chaney,,765,2008,2008,1,espn
LUMA-W-0000874,Sylvia Fowles,,766,2008,2022,15,espn
LUMA-W-0000875,Charde Houston,,773,2008,2014,7,espn
LUMA-W-0000876,Nicky Anosike,,774,2008,2012,5,espn
LUMA-W-0000877,Candice Wiggins,,775,2008,2015,8,espn
LUMA-W-0000878,Jolene Anderson,,776,2008,2008,1,espn
LUMA-W-0000879,Amber Holt,,777,2008,2012,5,espn
LUMA-W-0000880,Ketia Swanier,,778,2008,2012,5,espn
LUMA-W-0000881,Morenike Atunrase,,782,2008,2008,1,espn
LUMA-W-0000882,Matee Ajavon,,783,2008,2017,10,espn
LUMA-W-0000883,Erica White,,784,2008,2009,2,espn
LUMA-W-0000884,Crystal Kelly,,785,2008,2010,3,espn
LUMA-W-0000885,Charel Allen,,788,2008,2008,1,espn
LUMA-W-0000886,A'Quonesia Franklin,,789,2008,2009,2,espn
LUMA-W-0000887,Laura Harper,,790,2008,2009,2,espn
LUMA-W-0000888,Khadijah Whittington,,793,2008,2009,2,espn
LUMA-W-0000889,Leilani Mitchell,,796,2008,2021,13,espn
LUMA-W-0000890,LaToya Sanders,,798,2008,2019,7,espn
LUMA-W-0000891,Danielle Page,,799,2008,2008,1,espn
LUMA-W-0000892,Nicky McCrimmon,,8,2003,2003,1,espn
LUMA-W-0000893,Essence Carson,,802,2008,2020,13,espn
LUMA-W-0000894,Erlana Larkins,,803,2008,2018,9,espn
LUMA-W-0000895,Crystal Langhorne,,805,2008,2020,13,espn
LUMA-W-0000896,Krystal Vaughn,,807,2008,2008,1,espn
LUMA-W-0000897,Shannon Bobbitt,,809,2008,2012,4,espn
LUMA-W-0000898,Kamela Gissendanner,,811,2008,2008,1,espn
LUMA-W-0000899,Candace Parker,,812,2008,2023,16,espn
LUMA-W-0000900,Sharnee Zoll-Norman,,813,2008,2013,2,espn
LUMA-W-0000901,Sequoia Holmes,,814,2008,2018,4,espn
LUMA-W-0000902,Marcedes Walker,,815,2008,2008,1,espn
LUMA-W-0000903,Chioma Nnamaka,,818,2008,2008,1,espn
LUMA-W-0000904,Tamera Young,,819,2008,2019,12,espn
LUMA-W-0000905,Willnett Crockett,,821,2008,2008,1,espn
LUMA-W-0000906,Valeriya Berezhynska,,824,2008,2008,1,espn
LUMA-W-0000907,Lauren Ervin,,827,2009,2009,1,espn
LUMA-W-0000908,Alexis Hornbuckle,,828,2008,2013,6,espn
LUMA-W-0000909,Tasha Humphrey,,829,2008,2009,2,espn
LUMA-W-0000910,Adrianne Ross,,831,2008,2008,1,espn
LUMA-W-0000911,Olayinka Sanni,,832,2008,2011,3,espn
LUMA-W-0000912,Florina Pascalau,,834,2008,2008,1,espn
LUMA-W-0000913,Marissa Coleman,,835,2009,2018,10,espn
LUMA-W-0000914,Kia Vaughn,,838,2009,2022,13,espn
LUMA-W-0000915,Ashley Walker,,840,2009,2019,4,espn
LUMA-W-0000916,Whitney Boddie,,841,2009,2009,1,espn
LUMA-W-0000917,Courtney Paris,,842,2009,2019,10,espn
LUMA-W-0000918,Anete Jekabsone-Zogota,,846,2009,2014,3,espn
LUMA-W-0000919,Kristi Cirone,,848,2009,2009,1,espn
LUMA-W-0000920,Chante Black,,850,2009,2013,4,espn
LUMA-W-0000921,Shavonte Zellous,,851,2009,2021,12,espn
LUMA-W-0000922,Tanae Davis-Cain,,853,2009,2009,1,espn
LUMA-W-0000923,Kristi Toliver,,856,2009,2023,14,espn
LUMA-W-0000924,Chen Nan,,857,2009,2009,1,espn
LUMA-W-0000925,Briann January,,860,2009,2022,14,espn
LUMA-W-0000926,Christina Wirth,,861,2009,2009,1,espn
LUMA-W-0000927,Rashanda McCants,,863,2009,2010,2,espn
LUMA-W-0000928,Quanitra Hollingsworth,,864,2009,2015,5,espn
LUMA-W-0000929,Renee Montgomery,,865,2009,2019,11,espn
LUMA-W-0000930,Jessica Adair,,868,2010,2012,3,espn
LUMA-W-0000931,Shalee Lehning,,871,2009,2011,3,espn
LUMA-W-0000932,Angel McCoughtry,,872,2009,2022,13,espn
LUMA-W-0000933,Megan Frazee,,875,2009,2010,2,espn
LUMA-W-0000934,Lindsay Wisdom-Hylton,,876,2009,2012,4,espn
LUMA-W-0000935,Erin Perperoglou,,878,2009,2009,1,espn
LUMA-W-0000936,Katie Mattera,,879,2009,2009,1,espn
LUMA-W-0000937,Lucienne Berthieu,,88,2003,2004,2,espn
LUMA-W-0000938,Monica Wright,,881,2010,2016,7,espn
LUMA-W-0000939,Epiphanny Prince,,882,2010,2023,14,espn
LUMA-W-0000940,Gabriela Marginean,,883,2010,2010,1,espn
LUMA-W-0000941,Abi Olajuwon,,884,2010,2011,2,espn
LUMA-W-0000942,Tully Bevilaqua,,89,2003,2012,10,espn
LUMA-W-0000943,DeLisha Milton-Jones,,9,2003,2015,13,espn
LUMA-W-0000944,Andrea Riley,,900,2010,2012,3,espn
LUMA-W-0000945,Alison Lacey,,908,2010,2010,1,espn
LUMA-W-0000946,Brittainey Raven,,909,2010,2010,1,espn
LUMA-W-0000947,Sue Bird,,91,2003,2022,18,espn
LUMA-W-0000948,Chanel Mokango,,911,2010,2010,1,espn
LUMA-W-0000949,Kelsey Griffin,,915,2010,2014,5,espn
LUMA-W-0000950,Allison Hightower,,916,2010,2017,6,espn
LUMA-W-0000951,Tina Charles,,918,2010,2025,14,espn
LUMA-W-0000952,Kalana Greene,,928,2010,2015,6,espn
LUMA-W-0000953,Jacinta Monroe,,929,2010,2011,2,espn
LUMA-W-0000954,Debbie Black,,93,2003,2004,2,espn
LUMA-W-0000955,Ashley Houts,,930,2010,2010,1,espn
LUMA-W-0000956,Alexis Gray-Lawson,,933,2011,2012,2,espn
LUMA-W-0000957,Ewelina Kobryn,,935,2011,2014,3,espn
LUMA-W-0000958,Jene Morris,,936,2010,2012,2,espn
LUMA-W-0000959,Joy Cheek,,937,2010,2011,2,espn
LUMA-W-0000960,Taylor Lilley,,949,2010,2010,1,espn
LUMA-W-0000961,Ruthie Bolton,,95,2003,2004,2,espn
LUMA-W-0000962,Marion Jones,,950,2010,2011,2,espn
LUMA-W-0000963,Natasha Lacy,,951,2010,2014,5,espn
LUMA-W-0000964,Abby Bishop,,952,2010,2016,3,espn
LUMA-W-0000965,Amanda Thompson,,953,2010,2014,2,espn
LUMA-W-0000966,Jayne Appel-Marinelli,,954,2010,2016,7,espn
LUMA-W-0000967,Jana Vesela,,955,2010,2010,1,espn
LUMA-W-0000968,Maya Moore,,956,2010,2018,9,espn
LUMA-W-0000969,Danielle McCray,,974,2011,2014,3,espn
LUMA-W-0000970,Angie Bjorklund,,979,2011,2011,1,espn
LUMA-W-0000971,Carolyn Swords,,982,2011,2020,9,espn
LUMA-W-0000972,Jeanette Pohlen-Mavunga,,983,2011,2017,6,espn
LUMA-W-0000973,Amber Harris,,985,2011,2018,5,espn
LUMA-W-0000974,Ramu Tokashiki,,993,2015,2017,3,espn
LUMA-W-0000975,Monique Ambers,,56,,,0,espn
LUMA-W-0000976,,830,,2008,2008,1,wnba_stats
